,doc_id,vol_1,vol_1_type,price_1,price_1_type,maturity,instrument_type,product_type,red_flag,price_2,price_2_type,price_3,price_3_type,price_4,price_4_type
4,CLR20100226,343,mbbls,$84.00,swapsweightedaverage,20102010,swap,oil,,,,,,,
7,CLR20100226,410,mbbls,84.22,swapsweightedaverage,20102010,swap,oil,,,,,,,
10,CLR20100226,414,mbbls,84.22,swapsweightedaverage,20102010,swap,oil,,,,,,,
13,CLR20100226,414,mbbls,84.22,swapsweightedaverage,20102010,swap,oil,,,,,,,
5,CLR20100226,148,mbbls,75.00,floor,20102010,collar,oil,,75.00,floor,96.40,ceiling,96.40,ceiling
8,CLR20100226,228,mbbls,75.00,floor,20102010,collar,oil,,75.00,floor,96.40,ceiling,96.40,ceiling
11,CLR20100226,598,mbbls,75.00,floor,20102010,collar,oil,,75.00,floor,94.50|96.40,ceiling,95.23,ceiling
14,CLR20100226,598,mbbls,75.00,floor,20102010,collar,oil,,75.00,floor,94.50|96.40,ceiling,95.23,ceiling
2,CLR20100226,590,mmmbtu,$5.86,swapsweightedaverage,20102010,swap,natural gas,,,,,,,
4,CLR20100226,3163,mmmbtu,5.85,swapsweightedaverage,20102010,swap,natural gas,,,,,,,
6,CLR20100226,11863,mmmbtu,6.36,swapsweightedaverage,20112011,swap,natural gas,,,,,,,
4,CLR20100226,905,mbbls,$80.50,swapsweightedaverage,20102010,swap,oil,,,,,,,
5,CLR20100226,453,mbbls,$70.00,floor,20102010,collar,oil,,$70.00,floor,$95.00,ceiling,$95.00,ceiling
7,CLR20100226,644,mbbls,75.00,floor,20102010,collar,oil,,75.00,floor,96.75,ceiling,96.75,ceiling
9,CLR20100226,1278,mbbls,75.00,floor,20112011,collar,oil,,75.00,floor,89.00,ceiling,89.00,ceiling
2,CLR20100226,2700,mmmbtu,$6.18,swapsweightedaverage,20102010,swap,natural gas,,,,,,,
4,CLR20100226,2710,mmmbtu,6.18,swapsweightedaverage,20102010,swap,natural gas,,,,,,,
6,CLR20100226,2720,mmmbtu,6.18,swapsweightedaverage,20102010,swap,natural gas,,,,,,,
8,CLR20100226,2720,mmmbtu,6.18,swapsweightedaverage,20102010,swap,natural gas,,,,,,,
2,CLR20100226,7200,mmmbtu,$(0.62,swapsweightedaverage,20102010,swap,natural gas,,,,,,,
4,CLR20110225,915000,bbls,$100.01,swapsweightedaverage,20122012,swap,oil,,,,,,,
6,CLR20110225,3102500,bbls,$90|$95,floor,20132013,collar,oil,,$91.59,floor,$97.25|$101.60,ceiling,$99.13,ceiling
2,CLR20110225,2360000,mmbtu,$4.69,swapsweightedaverage,20112011,swap,natural gas,,,,,,,
4,CLR20110225,3640000,mmbtu,4.69,swapsweightedaverage,20112011,swap,natural gas,,,,,,,
6,CLR20110225,3910000,mmbtu,4.69,swapsweightedaverage,20112011,swap,natural gas,,,,,,,
8,CLR20110225,4232000,mmbtu,4.73,swapsweightedaverage,20112011,swap,natural gas,,,,,,,
10,CLR20110225,3660000,mmbtu,5.07,swapsweightedaverage,20122012,swap,natural gas,,,,,,,
5,CLR20110225,284000,bbls,$83.86,swapsweightedaverage,20112011,swap,oil,,,,,,,
8,CLR20110225,273000,bbls,84.67,swapsweightedaverage,20112011,swap,oil,,,,,,,
11,CLR20110225,460000,bbls,85.64,swapsweightedaverage,20112011,swap,oil,,,,,,,
14,CLR20110225,644000,bbls,86.25,swapsweightedaverage,20112011,swap,oil,,,,,,,
17,CLR20110225,7320000,bbls,86.90,swapsweightedaverage,20122012,swap,oil,,,,,,,
20,CLR20110225,5110000,bbls,88.63,swapsweightedaverage,20132013,swap,oil,,,,,,,
6,CLR20110225,2565000,bbls,$75|$80,floor,20112011,collar,oil,,$78.95,floor,$88.65|$97.25,ceiling,$91.70,ceiling
9,CLR20110225,2593500,bbls,$75|$80,floor,20112011,collar,oil,,79.39,floor,$89.00|$97.25,ceiling,91.27,ceiling
12,CLR20110225,2622000,bbls,$75|$80,floor,20112011,collar,oil,,79.39,floor,$89.00|$97.25,ceiling,91.27,ceiling
15,CLR20110225,2622000,bbls,$75|$80,floor,20112011,collar,oil,,79.39,floor,$89.00|$97.25,ceiling,91.27,ceiling
18,CLR20110225,5332620,bbls,$80,floor,20122012,collar,oil,,80.00,floor,$93.25|$97.00,ceiling,94.71,ceiling
21,CLR20110225,4745000,bbls,$80|$85,floor,20132013,collar,oil,,82.31,floor,$92.30|$101.70,ceiling,97.58,ceiling
2,CLR20110225,11862500,mmbtu,$6.36,swapsweightedaverage,20112011,swap,natural gas,,,,,,,
2,CLR20120224,3591500,bbls,$111.12,weighted average price,20122012,swap,oil,,,,,,,
4,CLR20120224,1460000,bbls,$107.63,weighted average price,20132013,swap,oil,,,,,,,
2,CLR20120224,1510000,mmbtu,$3.06,weighted average price,20122012,swap,natural gas,,,,,,,
4,CLR20120224,3680000,mmbtu,$3.10,weighted average price,20122012,swap,natural gas,,,,,,,
6,CLR20120224,7300000,mmbtu,$3.73,weighted average price,20132013,swap,natural gas,,,,,,,
6,CLR20120224,5332620,bbls,$80.00,floor,20122012,collar,oil,,$80.00,floor,$93.25|$97.00,ceiling,$94.71,ceiling
5,CLR20120224,7320000,bbls,$88.69,swapsweightedaverage,20122012,swap,oil,,,,,,,
8,CLR20120224,5110000,bbls,$88.63,swapsweightedaverage,20132013,swap,oil,,,,,,,
15,CLR20120224,3660000,mmbtu,$5.07,swapsweightedaverage,20122012,swap,natural gas,,,,,,,
2,CLR20130228,270000,bbls,$107.87,weighted average price,20132013,swap,oil,,,,,,,
4,CLR20130228,1100000,bbls,$109.27,weighted average price,20132013,swap,oil,,,,,,,
6,CLR20130228,5292500,bbls,$105.51,weighted average price,20142014,swap,oil,,,,,,,
2,CLR20130228,13360000,mmbtu,$3.66,weighted average price,20132013,swap,natural gas,,,,,,,
4,CLR20130228,11862500,bbls,$92.66,swapsweightedaverage,20132013,swap,oil,,,,,,,
7,CLR20130228,10311250,bbls,$96.20,swapsweightedaverage,20142014,swap,oil,,,,,,,
5,CLR20130228,8760000,bbls,$80.00|$95.00,floor,20132013,collar,oil,,$86.92,floor,$92.30|$110.33,ceiling,$99.46,ceiling
4,CLR20130228,3467500,bbls,$108.49,swapsweightedaverage,20132013,swap,oil,,,,,,,
6,CLR20130228,6570000,bbls,$100.66,swapsweightedaverage,20142014,swap,oil,,,,,,,
9,CLR20130228,1277500,bbls,$98.48,swapsweightedaverage,20152015,swap,oil,,,,,,,
7,CLR20130228,2190000,bbls,$90.00|$95.00,floor,20142014,collar,oil,,$90.83,floor,$104.70|$108.85,ceiling,$107.13,ceiling
5,CLR20130228,18250000,mmbtu,$3.76,swapsweightedaverage,20132013,swap,natural gas,,,,,,,
3,CLR20140227,6205000,bbls,$100.27,weighted average price,20152015,swap,oil,,,,,,,
3,CLR20140227,40495000,mmbtu,$4.26,weighted average price,20142014,swap,natural gas,,,,,,,
5,CLR20140227,22700000,mmbtu,$4.27,weighted average price,20152015,swap,natural gas,,,,,,,
7,CLR20140227,4550000,mmbtu,$4.27,weighted average price,20162016,swap,natural gas,,,,,,,
4,CLR20140227,10851250,bbls,$96.50,swapsweightedaverage,20142014,swap,oil,,,,,,,
5,CLR20140227,17028000,bbls,$103.17,swapsweightedaverage,20142014,swap,oil,,,,,,,
8,CLR20140227,2737500,bbls,$99.15,swapsweightedaverage,20152015,swap,oil,,,,,,,
6,CLR20140227,2190000,bbls,$90.00|$95.00,floor,20142014,collar,oil,,$90.83,floor,$104.70|$108.85,ceiling,$107.13,ceiling
9,CLR20140227,730000,bbls,$95.00,floor,20152015,collar,oil,,$95.00,floor,$107.40,ceiling,$107.40,ceiling
5,CLR20140227,64250000,mmbtu,$4.19,swapsweightedaverage,20142014,swap,natural gas,,,,,,,
7,CLR20140227,1800000,mmbtu,$4.27,swapsweightedaverage,20152015,swap,natural gas,,,,,,,
5,CLR20150224,2208000,bbls,$95.85|$103.75,ceiling,20152015,call,oil,,$98.36,ceiling,,,,
5,CLR20150224,368000,bbls,$107.40,ceiling,20152015,call,oil,,$107.40,ceiling,,,,
7,CLR20150224,1464000,bbls,$107.70,ceiling,20162016,call,oil,,$107.70,ceiling,,,,
5,CLR20150224,24500000,mmbtu,$4.27,swapsweightedaverage,20152015,swap,natural gas,,,,,,,
8,CLR20150224,63110000,mmbtu,$3.98,swapsweightedaverage,20162016,swap,natural gas,,,,,,,
6,CLR20150224,29200000,mmbtu,$3.50|$3.75,floor,20152015,collar,natural gas,,$3.69,floor,$4.89|$5.48,ceiling,$5.04,ceiling
5,CLR20160224,1464000,bbls,$107.70,ceiling,20162016,call,oil,,,,,,,
5,CLR20160224,133710000,mmbtu,$3.17,swapsweightedaverage,20162016,swap,natural gas,,,,,,,
7,CLR20160224,25550000,mmbtu,$3.35,swapsweightedaverage,20172017,swap,natural gas,,,,,,,
8,CLR20160224,65700000,mmbtu,$2.40|$3.00,floor,20172017,collar,natural gas,,$2.47,floor,$2.92|$3.88,ceiling,$3.08,ceiling
5,CLR20170222,49520000,mmbtu,$3.37,swapsweightedaverage,20172017,swap,natural gas,,,,,,,
7,CLR20170222,6300000,mmbtu,$3.28,swapsweightedaverage,20182018,swap,natural gas,,,,,,,
5,CLR20170222,72690000,mmbtu,$3.41,swapsweightedaverage,20172017,swap,natural gas,,,,,,,
6,CLR20170222,65700000,mmbtu,$2.40|$3.00,floor,20172017,collar,natural gas,,$2.47,floor,$2.92|$3.88,ceiling,$3.08,ceiling
